"Date","•X§f¡`≠»"
2010/1/1,21895.905
2010/2/1,16805.587
2010/3/1,23567.397
2010/4/1,22093.561
2010/5/1,25708.454
2010/6/1,22981.616
2010/7/1,24140.118
2010/8/1,24321.275
2010/9/1,22671.114
2010/10/1,24468.76
2010/11/1,24645.272
2010/12/1,24053.012
2011/1/1,25608.802
2011/2/1,21496.231
2011/3/1,27550.79
2011/4/1,27610.139
2011/5/1,28178.985
2011/6/1,25453.532
2011/7/1,28476.917
2011/8/1,26149.33
2011/9/1,24982.938
2011/10/1,27437.274
2011/11/1,24943.842
2011/12/1,24293.619
2012/1/1,21372.578
2012/2/1,23768.102
2012/3/1,26738.112
2012/4/1,25877.141
2012/5/1,26439.607
2012/6/1,24749.637
2012/7/1,25223.406
2012/8/1,25045.064
2012/9/1,27511.424
2012/10/1,26883.813
2012/11/1,25234.233
2012/12/1,26471.545
2013/1/1,26025.286
2013/2/1,19930.798
2013/3/1,27723.477
2013/4/1,25491.564
2013/5/1,27104.463
2013/6/1,26958.428
2013/7/1,25802.958
2013/8/1,25997.276
2013/9/1,25673.985
2013/10/1,27141.511
2013/11/1,26237.906
2013/12/1,26777.982
2014/1/1,24745.871
2014/2/1,21591.877
2014/3/1,28255.041
2014/4/1,27105.699
2014/5/1,27151.226
2014/6/1,27335.947
2014/7/1,27269.258
2014/8/1,28551.577
2014/9/1,26833.365
2014/10/1,27303.836
2014/11/1,27205.131
2014/12/1,26064.446
2015/1/1,25433.463
2015/2/1,20091.715
2015/3/1,25559.211
2015/4/1,23786.264
2015/5/1,25931.328
2015/6/1,23382.857
2015/7/1,23802.534
2015/8/1,24234.477
2015/9/1,22910.032
2015/10/1,24342.208
2015/11/1,22524.854
2015/12/1,22435.035
2016/1/1,22073.597
2016/2/1,17631.047
2016/3/1,22632.039
2016/4/1,22048.734
2016/5/1,23509.809
2016/6/1,22812.394
2016/7/1,24044.579
2016/8/1,24536.823
2016/9/1,22491.209
2016/10/1,26652.649
2016/11/1,25075.619
2016/12/1,25666.157
2017/1/1,23652.348
2017/2/1,22541.448
2017/3/1,25531.474
2017/4/1,24125.456
2017/5/1,25322.281
2017/6/1,25679.975
2017/7/1,26939.171
2017/8/1,27616.651
2017/9/1,28714.836
2017/10/1,27396.197
2017/11/1,28589.474
2017/12/1,29377.347
2018/1/1,27261.431
2018/2/1,22169.528
2018/3/1,29792.853
2018/4/1,26549.309
2018/5/1,28944.221
2018/6/1,28110.115
2018/7/1,28217.572
2018/8/1,28021.801
2018/9/1,29467.165
2018/10/1,29424.037
2018/11/1,27681.837
2018/12/1,28367.469
2019/1/1,27115.105
2019/2/1,20317.385
2019/3/1,28449.497
2019/4/1,25559.377
2019/5/1,27548.92
2019/6/1,28210.4
2019/7/1,28094.139
2019/8/1,28776.413
2019/9/1,28084.066
2019/10/1,28973.652
2019/11/1,28554.232
2019/12/1,29474.134
2020/1/1,25045.852
2020/2/1,25339.624
2020/3/1,28237.554
2020/4/1,25217.32
2020/5/1,26998.41
2020/6/1,27121.759
2020/7/1,28163.017
2020/8/1,31158.476
2020/9/1,30702.877
2020/10/1,32215.149
2020/11/1,31935.76
2020/12/1,32990.146
2021/1/1,34264.483
2021/2/1,27790.942
2021/3/1,35872.429
2021/4/1,34900.871
2021/5/1,37403.878
2021/6/1,36647.945
2021/7/1,37951.387
2021/8/1,39540.529
2021/9/1,39627.88
2021/10/1,40117.188
2021/11/1,41569.121
2021/12/1,40684.538
2022/1/1,39981.067
2022/2/1,37453.063
2022/3/1,43494.157
2022/4/1,41460.255
2022/5/1,42043.454
2022/6/1,42181.691
2022/7/1,43226.274
2022/8/1,40299.001
2022/9/1,37517.303
2022/10/1,39913.497
2022/11/1,36111.634
2022/12/1,35733.834
2023/1/1,31499.318
2023/2/1,31038.833
2023/3/1,35175.111
2023/4/1,35932.324
2023/5/1,36108.519
2023/6/1,32315.813
2023/7/1,38723.136
2023/8/1,37354.886
2023/9/1,38805.162
2023/10/1,38090.101
2023/11/1,37456.355
2023/12/1,39920.404
2024/1/1,37082.467
2024/2/1,31417.945
2024/3/1,41789.527
2024/4/1,37442.675
2024/5/1,37317.931
2024/6/1,39879.799
2024/7/1,39920.702
2024/8/1,43623.277
2024/9/1,40548.317
2024/10/1,41281.858
2024/11/1,41064.795
2024/12/1,43555.861
2025/1/1,38703.462
2025/2/1,41292.412
2025/3/1,49541.737
2025/4/1,48646.752
2025/5/1,51738.058
2025/6/1,53326.037
2025/7/1,56675.608
2025/8/1,58429.982
2025/9/1,54228.538
2025/10/1,60889.099
2025/11/1,64045.599
2025/12/1,62465.681
2026/1/1,65757.995
2026/2/1,49789.046
2026/3/1,80182.5
2026/4/1,67620.88
