feature,importance
MA5,0.1900975667667363
MA10,0.13664403375098028
EMA12,0.12944659102466557
EMA26,0.11424492045794596
MA20,0.10009749837523854
MA60,0.0677708980846819
DFF,0.03465853003462644
tw_rate,0.030301556241378275
export,0.027320077677748144
DX-Y.NYB,0.01955500349572331
dxy_ma20,0.01796709819969838
export_lag20,0.015975642801328002
MA20_slope,0.013418355241481474
rate_diff,0.011721112454376424
rate_diff_lag5,0.011627062263751996
MACD_signal,0.01048034324729825
MACD,0.008834018386939368
volatility_20d,0.007707008836220262
ret_1d,0.0056278728361280235
BB_width,0.005030286427187776
MA5_slope,0.004139144664151713
ret_10d,0.004128191133556818
vix_lag3,0.0037474010437229467
ret_3d,0.0036656149152323268
momentum_20,0.0036023201414898333
volatility_10d,0.003208050900593762
ret_20d,0.0031688823445476457
bias20,0.003055313017651599
VIXCLS,0.0027133824903299115
MACD_hist,0.002162396948448322
dxy_momentum,0.0016042049635739124
momentum_5,0.0013855002755500132
BB_pct,0.0013661502755358123
RSI14,0.0013608910766202773
foreign_net,0.0013159936978102288
ret_5d,0.0008510855070502565
