feature,mean_abs_shap
MA5,0.274002910162367
MA10,0.21768458124117768
EMA12,0.20719004097546068
EMA26,0.17933949951822692
MA20,0.16007808414778535
MA60,0.1276885495824281
export_lag20,0.04214668269416527
DFF,0.041220139240810846
tw_rate,0.033023201307314946
export,0.032809675255131725
rate_diff_lag5,0.03034886801459618
DX-Y.NYB,0.03010111183469917
dxy_ma20,0.027948495656264487
rate_diff,0.02287004853990081
volatility_20d,0.019101821919498208
MACD,0.016055894003564643
MACD_signal,0.012827980025996683
BB_width,0.012390520994099067
bias20,0.00823907507753622
MA20_slope,0.008138845338832103
momentum_20,0.007979985837514997
ret_20d,0.006935722021009229
VIXCLS,0.005967530722506852
volatility_10d,0.005728728069315299
dxy_momentum,0.005688814698949452
BB_pct,0.005391254883634386
MACD_hist,0.0052508742228479215
RSI14,0.005232235369235646
ret_10d,0.004769485344947006
MA5_slope,0.002868325366429635
vix_lag3,0.002753317062351228
foreign_net,0.002350647037185514
momentum_5,0.0019415559792926357
ret_1d,0.0018469420404867445
ret_3d,0.0016325599072321351
ret_5d,0.0015480378099434872
